id,username,full_name,email,phone_number,address,gender,date_of_birth,blood_type,height,age,country_origin,password
9,Alex,Alex Moreles,alex.morales@gmail.com,0917 201 8890,"52 Oakridge St., Brgy. Kapitolyo, Pasig City, Metro Manila, 1603",Male,1995-03-22,A+,5'11,29,Philippines,scrypt:32768:8:1$0UmW3RtZMtp45jkP$c1bffbb0716911e93db9a8b94c3c5be8ad7b6d97b22849148f5a74afb3f4e8b7076e44233255cb3718531e350e51d5d8cd03179c84d69418a744bdf9c3242d3e
10,Sophia,Sophia Reyes,sophia.reyes@gmail.com,0927 673 4420,"88 Maple St., Brgy. Lahug, Cebu City, Cebu, 6000",Female,1999-09-05,O+,,26,Philippines,scrypt:32768:8:1$uezw0KI4ERf3qtJH$c4085d4abb20cc3a9d269e421c25e0d72221f36e94ff550081b3a4c19549b5f5cf8e0bcc2d9a5c91ab961097c1fa0f39294fff8ce47da733b60d3fc7ab699ba9
11,Daniel,Daniel Chang,daniel.chang@gmail.com,0936 882 1567,"210 Riverpark Rd., Brgy. Salapan, San Juan City, Metro Manila, 1500",Male,1992-11-15,B+,5'9,33,Philippines,scrypt:32768:8:1$3UZt30WhFhxF2iNF$9e0c01436ba0a968538dbf08161aece3c74fd8c308f7f90e722c41e89f794735cd613b13f2ac1b33d82b4703887cec4c9aecc2ac45174a41bdb911d1aeaf1bd2
12,Emily,Emily Watson,emily.watson@gmail.com,0995 931 4402,"14 Cypress Drive, Brgy. Concepcion Uno, Marikina City, Metro Manila, 1807",Female,1997-07-12,AB+,5'6,28,Philippines,scrypt:32768:8:1$qF9EfOZL0BhQXNbj$a93f3dc4aa8aefbe638e574a38a9e27b3688307bffd310312f8993924dda71011cb6f603f4b5f251b27cda2dbbb48ee995c0fa05e2936eabbec72ab91d6c6d97
13,Michael,Michael Novak,michael.novak@gmail.com,0908 120 3342,"332 Elmwood Ave., Brgy. Alabang, Muntinlupa City, Metro Manila, 1781",Male,1988-12-09,O-,6'0,36,Philippines,scrypt:32768:8:1$dSxDS1kMXWj4eW1g$a9870ec4f40e3dfbcbd67426c614ea88a74abc479630bb68dbb5166ef96d8d9b19fc5561ff3dfa197ed7258c1a631049a122b36156164d54cf5388bbcaf42736
14,Hannah,Hannah Lee,hannah.lee@gmail.com,0917 875 9031,"615 Sunset Blvd., Brgy. Holy Spirit, Quezon City, Metro Manila, 1127",Female,2001-04-18,A-,5'4,24,Philippines,scrypt:32768:8:1$880KInhnJIZXUwgQ$92d36eb4d04b30b895a20c825bf661d6ee192cd229ca081d3bc2653522d85fd4fed66ca6f66cf3be683afff040980244b2bf66fa54ed291f3cb36772d4852b3a
15,Isaac,Isaac Foster,isaac.foster@gmail.com,0922 442 1190,"77 Briarwood Ct., Brgy. Tagapo, Sta. Rosa City, Laguna, 4026",Male,1994-01-27,B-,5'10,31,Philippines,scrypt:32768:8:1$DiOsnJx5FYFTbabU$889760c3a3e5c671ecd718ea8d9fd585eee4ceca965d83860f5eab7f621ef8d000433bc7163279d4525adfb3265f1f1e0bce82f595ee42de66be0ce3ed8507ce
16,Natalie,Natalie Pratt,natalie.pratt@gmail.com,0937 223 9084,"908 Pine Ridge Rd., Brgy. Balibago, Angeles City, Pampanga, 2009",Female,1996-02-14,O+,5'7,28,Philippines,scrypt:32768:8:1$3i3vHXkwJqu1Rzga$9e003b8c702369537ab2f7d391a547836038248ce49ee6d434cc2473096b7a687f3a838c43243fe0f4dfa6d9e70e2ad0f510897c27cefe4691d16ce0f23146c2
17,Jason,Jason Hughes,jason.hughes@gmail.com,0927 661 4421,"122 Valley Creek, Brgy. San Nicolas, Bacolod City, Negros Occidental, 6100",Male,1985-10-03,AB-,6'1,40,Philippines,scrypt:32768:8:1$H3vB5YyPlH1cCBb9$f7672b924b8e4bbfc3363bf75086d04e5c639cd65c59f7de9b0cb6c641d1bfd6f308ec3b1104b6acecc072303a75f7a65e6feac8d393ea2beb7469387c26361a
18,Brianna,Brianna Mills,brianna.mills@gmail.com,0995 344 1209,"901 Greenfield Ln., Brgy. Tinajeros, Malabon City, Metro Manila, 1470",Female,2000-06-30,A+,5'6,25,Philippines,scrypt:32768:8:1$yXzsL7Qz4rtit60w$7c522f59e151cfb94b8d43ce4de0ec15be6c7c1a109e2423ad7532d1f608779e175558c3b940e6aa5097cfbf0358d3d7aa734f6f1cfabe407d2db6046f40e67d
19,Ethan,Ethan Jordan,ethan.jordan@gmail.com,0917 748 9220,"445 Brookside Ave., Brgy. Dela Paz, Antipolo City, Rizal, 1870",Male,1993-03-03,O+,5'10,32,Philippines,scrypt:32768:8:1$Zg7VlsL1JGiIxJYN$2d4358fc9b9408e05490f913b15376acdfc52a119540053b3a9d4f2782e7daabb01a4f51fc02f341878f1dba4db1a12ba2d1adb4a7873a7202e8747aa54bff84
20,Lily,Lily Morgan,lily.morgan@gmail.com,0936 887 3355,"110 Birchwood St., Brgy. Mandurriao, Iloilo City, Iloilo, 5000",Female,0998-11-01,AB+,5'5,27,Philippines,scrypt:32768:8:1$54Smp9NxudXxlSc0$acc0b0616d548db0374fe562ccb05ce596efc646ac91af2ed88c5ec4a7ef056eb2020a9c5bdaa9f0757533c151387e2af8cd1af14adcfa1b3dca9818130a3ccb
21,Carter,Carter Henderson,carter.henderson@gmail.com,0927 540 5522,"66 Timber Ridge Rd., Brgy. Sto. Domingo, Cainta, Rizal, 1900",Male,1990-09-28,A-,6'2,35,Philippines,scrypt:32768:8:1$bpijz0YjmjJChmAf$8bb2ee84f3b8c292b9dad920308981de7fdc7fa2d39cccc7ac10b0709994ba29e59bed8a205fe6bbe2ac63f1ac9868b75a01c1575f375b86bdb9482b94540669
22,Zoe,Zoe Richard,zoe.richards@gmail.com,0917 290 9931,"24 Meadowbrook Ln., Brgy. San Isidro, Makati City, Metro Manila, 1223",Female,2002-12-21,B+,5'4,23,Philippines,scrypt:32768:8:1$MoLlxQkOWt6HbD11$2e662bbeaa671cfd650e0bb168fdcc0c1e4f69d2203f11f786982014f7017ee716a227c3bcb53159c186b78fec0cc1ce0a14eb92458bab851bab5b4fd3e7d8dd
23,Tyler,Tyler Hartan,tyler.hartman@gmail.com,0936 731 8822,"84 Bridgewater Dr., Brgy. Kamuning, Quezon City, Metro Manila, 1103",Male,1989-02-17,O-,5'11,36,Philippines,scrypt:32768:8:1$FwFH1NV69sZaUuAW$f2fc3b4d8341338de59924254f9f6b9070edfb426407405c331d15555c956607a1ae3762bfe0154bb5c9b66a1a43429ddc5462a1c6f5cf80f2fa4f6af6dddfca
25,Ryan,Ryan Bradley,ryan.bradley@gmail.com,0922 804 6620,"432 Northern Way, Brgy. Singcang, Bacolod City, Negros Occidental, 6100",Male,1994-07-06,AB-,6'0,31,Philippines,scrypt:32768:8:1$4Ai4Q3uzpL76TALR$9fb129e74804f44aa9e8a9e51efede3d99cf5a35edeccf9009aded0a376192ec759edc30cd52c310d7194841accc0b23bf3311bf05636ed2c9ea9010a2a8d22a
28,Claire,Claire Bennett,claire.bennett@gmail.com,0936 922 7701,"19 Silveroak Ln., Brgy. Tisa, Cebu City, Cebu, 6000",Female,1996-11-19,A-,5'5,29,Philippines,scrypt:32768:8:1$cL1STkwPQBF0f3NZ$a7a67202d6a3b14e15b4fd8fd28e73c903faa75644d28dc324a48f1f4b4e5e5c33c91bb9de3bae82327b38b41923604409d467064e4f2176fcfb2bb55514cfd4
27,Brandon,Brandon Keith,brandon.keith@gmail.com,0917 613 4011,"760 Hillcrest Blvd., Brgy. Balanga Proper, Balanga City, Bataan, 2100",Male,1987-08-25,B+,6'1,38,Philippines,scrypt:32768:8:1$A5dlNfxLYyy9THcR$6d77512310655780d80e7c20ac424ae59e851006f2a264f511cd6d1be1246ea4bfc6c179089808242d6fe390f7f2517904ad3bb68ae5395c63073e1dd4327081
26,Madison,Madison Clark,madison.clark@gmail.com,0927 119 8823,"1239 Fern Valley Rd., Brgy. Talon Dos, Las Piñas City, Metro Manila, 1740",Female,1999-03-01,O+,5'6,26,Philippines,scrypt:32768:8:1$Dwmj4IRrF2FZ5ArJ$eeaeea19d61f87bd71b9283f0894efbce427bbc480777afc3ed4347f18fdbda843c5a8131cb13f0bfe95c32b097ac1cd00f60abaaa8fe3c0a25a887860ca149b
24,Ava,Ava Daniels,ava.daniels@gmail.com,0995 315 4470,"909 Cedar Grove Pl., Brgy. Poblacion, Davao City, Davao del Sur, 8000",Female,1997-05-11,A+,5'7,28,Philippines,scrypt:32768:8:1$6msvs4M8jbh0Oj6u$210647df87d4a34bae197584852dc3b4cdbdd360d19d69737ab1ea12051b7f6fd6cb2a58a3b2932967c74486fde070a73de0e885cccf9dd768b0e7d8fcecd456
